title,venue,year,authors,doi,Label,id,abstract,llm_score,llm_reason
tabled clp for reasoning over stream data,iclp,2016,"edmond jajaga, lule ahmedi",10.1109/icsc.2017.64,1,299,semantic technologies have been extensively used for integrating stream data applications however using swrl which has become the de facto standard rule language in semantic web has never been used in stream data applications its open world assumption and monotonic nature makes swrl powerless for doing continuous inference over stream data for example using aggregate functions on a particular window of streams cannot be expressed in swrl c-sparql is a framework which supports continuous querying over data streams we introduce here c-swrl a unified semantic web stream reasoning system that further supports continuous reasoning over stream data c-swrl utilizes c-sparql filtering and aggregation of rdf streams to enable closed-world and time-aware reasoning with swrl rules moreover the non-monotonic behavior is supported with the use of owlapi constructs the system is presented by means of examples in water quality monitoring,3,"Relevant to ASP researchers as it deals with rule languages and reasoning over streams, but not central to ASP."
xai-law: a logic programming tool for modeling explaining and learning legal decisions,iclp,2025,"agostino dovier, talissa dreossi, andrea formisano, benedetta strizzolo",10.4204/eptcs.439.28,5,92,we propose an approach to model articles of the italian criminal code icc using answer set programming asp and to semi-automatically learn legal rules from examples based on prior judicial decisions the developed tool is intended to support legal experts during the criminal trial phase by providing reasoning and possible legal outcomes the methodology involves analyzing and encoding articles of the icc in asp including crimes against the person and property offenses the resulting model is validated on a set of previous verdicts and refined as necessary during the encoding process contradictions may arise these are properly handled by the system which also generates possible decisions for new cases and provides explanations through a tool that leverages the supportedness of stable models the automatic explainability offered by the tool can also be used to clarify the logic behind judicial decisions making the decision-making process more interpretable furthermore the tool integrates an inductive logic programming system for asp which is employed to generalize legal rules from case examples,4,"Relevant to ASP researchers as it uses Answer Set Programming and focuses on legal reasoning, but not a core ASP contribution."
workshop proceedings of the 40th international conference on logic programming iclp-ws 2024 co-located with the 40th international conference on logic programming iclp 2024 dallas tx usa october 12th and 13th 2024,iclp,2024,"esteban guerrero, juan carlos nieves",10.1007/978-3-031-74209-5_21,1,311,traditionally in the argumentation theory literature structured arguments are constructed from rules interpretations aiming to build well-supported deductive evidence different from other approaches we emphasize the role of investigating general frameworks that,3,"Focuses on argumentation theory and frameworks, which is relevant but not central to ASP."
probabilistic active goal recognition,kr,2025,"chenyuan zhang, cristian rojas cardenas, hamid rezatofighi, mor vered, buser say",10.24963/kr.2025/85,5,136,in multi-agent environments effective interaction hinges on understanding the beliefs and intentions of other agents while prior work on goal recognition has largely treated the observer as a passive reasoner active goal recognition agr focuses on strategically gathering information to reduce uncertainty we adopt a probabilistic framework for agr and propose an integrated solution that combines a joint belief update mechanism with a monte carlo tree search mcts algorithm allowing the observer to plan efficiently and infer the actor s hidden goal without requiring domain-specific knowledge through comprehensive empirical evaluation in a grid-based domain we show that our joint belief update significantly outperforms passive goal recognition and that our domain-independent mcts performs comparably to our strong domain-specific greedy baseline these results establish our solution as a practical and robust framework for goal inference advancing the field toward more interactive and adaptive multi-agent systems,3,Relevant to AI/active reasoning but not central to ASP
heuristic strategies for accelerating multi-agent epistemic planning,kr,2024,"biqing fang, fangzhen lin",10.24963/kr.2024/32,1,41,multi-agent epistemic planning mep is about achieving an epistemic goal in a multi-agent environment using agents actions that have epistemic preconditions and effects recently mep has received interest from both the dynamic logic and planning communities leading to the development of several innovative planners one such state of the art planner is mepk in this paper we propose two novel strategies to enhance the search methods within mepk our first strategy the enhancement strategy dynamically updates the heuristic based on the search path to the first goal-reachable node potentially reducing the number of nodes that need to be explored to find a solution our second the belief lock strategy prevents the planner from continuing to search a particular state that cannot progress to a goal state due to the possession by an agent of a certain belief our experiments on existing benchmarks show that the new strategies can indeed accelerate the problem solving we also construct new harder instances and demonstrate that our strategies significantly improve the performance on these hard benchmarks overall we consider our new planner a significant improvement over the existing one in terms of computational efficiency,3,Relevant to planning but not central to ASP
succinctness and complexity of alc with counting perceptrons,kr,2023,"pietro galliani, oliver kutz, nicolas troquard",10.24963/kr.2023/29,3,235,perceptron operators have been introduced to knowledge representation languages such as description logics in order to define concepts by listing features with associated weights and by giving a threshold semantically an individual then belongs to such a concept if the weighted sum of the listed features it belongs to reaches that threshold such operators have been subsequently applied to cognitively-motivated modelling scenarios and to building bridges between learning and reasoning however they suffer from the basic limitation that they cannot consider the weight or number of role fillers this paper introduces an extension of the basic perceptron operator language to address this shortcoming defining the language alcp and answering some basic questions regarding the succinctness and complexity of the new language namely we show firstly that in alcp when weights are positive the language is expressively equivalent to alcq whilst it is strictly more expressive in the general case allowing also negative weights secondly alcp is shown to be strictly more succinct than alcq thirdly capitalising on results concerning the logic alcscc we show that despite the added expressivity reasoning in alcp remains exptime-complete,3,"While the paper introduces an extension of perceptron operators, it is focused on description logics rather than ASP. It may be relevant for researchers interested in knowledge representation and logic programming, but not specifically for ASP."
action languages and covid-19: lessons learned,iclp,2020,,10.1515/9781503629882-011,2,518,10 lessons learned was published in the biomedical empire on page 120,1,Not related to ASP or logic programming.
flexible lifelong explainable and robust solutions for multi-agent path finding problems,iclp,2025,aysu bogatarkan,10.1609/aaai.v40i48.42143,4,403,the multi-agent path finding mapf problem is a combinatorial search problem that aims at finding paths for multiple agents in an environment without collisions subject to constraints on the lengths of paths the real-world applications of mapf require flexible lifelong robust and explainable solutions in this study these challenges are being addressed,3,Relevant to AI planning but not central to ASP
planning domain model acquisition from state traces without action parameters,kr,2024,"tom balyo, martin suda, luk chrpa, dominik afrnek, stephan gocht, filip dvok, roman bartk, g michael youngblood",10.24963/kr.2024/76,1,569,existing planning action domain model acquisition approaches consider different types of state traces from which they learn the differences in state traces refer to the level of observability of state changes from full to none and whether the observations have some noise the state changes might be inaccurately logged however to the best of our knowledge all the existing approaches consider state traces in which each state change corresponds to an action specified by its name and all its parameters all objects that are relevant to the action furthermore the names and types of all the parameters of the actions to be learned are given these assumptions are too strong in this paper we propose a method that learns action schema from state traces with fully observable state changes but without the parameters of actions responsible for the state changes only action names are part of the state traces although we can easily deduce the number and names of the actions that will be in the learned domain model we still need to deduce the number and types of the parameters of each action alongside its precondition and effects we show that this task is at least as hard as graph isomorphism however our experimental evaluation on a large collection of ipc benchmarks shows that our approach is still practical as the number of required parameters is usually small compared to the state-of-the-art learning tools sam and extended sam our new algorithm can provide better results in terms of learning action models more similar to reference models even though it uses less information and has fewer restrictions on the input traces,3,"Relevant to ASP researchers as it deals with planning and action domain model acquisition, which are related to nonmonotonic reasoning and logic programming, but not specifically focused on ASP."
chrvis: syntax and semantics,iclp,2018,,10.1016/s0092-4563(08)36021-8,1,342,,4,"Introduces a new syntax and semantics for ASP, relevant to core ASP theory"
exploring neurosymbolic systems in answer set programming with an application to waste water monitoring,iclp,2025,"steffen schieweck, gabriele kernisberner, michael ten hompel",10.5220/0006489300250034,5,510,intelligent self-driving vehicles on public roads are widely noted in the media nowadays in warehouse and production systems such vehicles have been common for a number of years even though their intelligence has only come to awareness in the recent years those systems are especially tailored to work in volatile environments which change to some degree every few weeks or months thus programming is required to be as flexible as possible while still providing high efficiency answer set programming is a well known paradigm which has received remarkable attention in the recent years in this paper several approaches are presented and evaluated to apply answer set programming to an order-picking system with intelligent vehicles the interconnected planning tasks are the dispatching of vehicles to driving jobs and the assignment of customer orders to picking stations,4,"Relevant to ASP researchers as it applies ASP to a real-world problem and discusses planning tasks, which is central to ASP."
on simple expectations and observations of intelligent agents: a complexity study,kr,2023,"sourav chakraborty, avijeet ghosh, sujata ghosh, franois schwarzentruber",10.24963/kr.2023/14,4,451,public observation logic pol reasons about agent expectations and agent observations in various real world situations the expectations of agents take shape based on certain protocols about the world around and they remove those possible scenarios where their exceptions and observations do not match this in turn influences the epistemic reasoning of these agents in this work we study the computational complexity of the satisfaction problems of various fragments of pol in the process we also highlight the inevitable link that these fragments have with the well-studied public announcement logic,3,"Relevant to ASP researchers as it deals with epistemic reasoning and public announcement logic, which are related to nonmonotonic reasoning and knowledge representation."
proceedings 38th international conference on logic programming iclp 2022 technical communications / doctoral consortium haifa israel 31st july 2022 - 6th august 2022,iclp,2022,,10.1007/978-3-031-26622-5,1,29,the dali 2022 proceedings deal with the field of dynamic logic its variants and applications e g quantum dynamic logic kleene and action algebras,3,"While related to logic programming, it focuses on dynamic logic rather than ASP."
testing of concurrent programs,iclp,2016,valerio terragni,10.14711/thesis-b1778938,1,134,towards effective regression testing of concurrent programs by valerio terragni thesis 2017 xiii 129 pages : illustrations 30 cm rapid advances in multi-core chip technology have lead to pervasive adoption of shared-memory concurrent programming where software is jointly executed read more,1,Unrelated to ASP or logic programming
determining action reversibility in strips using answer set programming,iclp,2020,"wolfgang faber, michael morak, luk chrpa",10.1017/s1471068421000429,3,321,abstract in the context of planning and reasoning about actions and change we call an action reversible when its effects can be reverted by applying other actions returning to the original state renewed interest in this area has led to several results in the context of the pddl language widely used for describing planning tasks in this paper we propose several solutions to the computational problem of deciding the reversibility of an action in particular we leverage an existing translation from pddl to answer set programming asp and then use several different encodings to tackle the problem of action reversibility for the strips fragment of pddl for these we use asp as well as epistemic logic programming elp an extension of asp with epistemic operators and compare and contrast their strengths and weaknesses,4,Relevant to ASP researchers as it uses ASP for solving a planning problem related to action reversibility.
domain-independent instance generation for classical planning,kr,2025,"claudia grundke, malte helmert, gabriele rger",10.24963/kr.2025/77,5,171,learning-based planning systems learn domain-specific knowledge that helps them to solve unseen tasks from the same planning domain for this purpose they require a diverse set of training instances a recent proposal for formal specifications of planning domains allows us to exactly characterize which instances are legal for a domain we automatically generate planning tasks from such formal specifications by means of a translation to answer set programming we experimentally examine the scalability of the approach and the suitability for learning-based planning following the setup of the learning track of the international planning competition,3,"Relevant to ASP researchers as it involves Answer Set Programming for generating planning tasks, but not central to ASP itself."
on teaching constraint-based modeling and algorithms for decision support in prolog,iclp,2024,"huaiqing wang, stephen liao, lejian liao",10.1016/s0167-9236(01)00138-5,4,357,,3,"Relevant to ASP researchers as Prolog is a logic programming language, but not central to ASP-specific topics."
relational graph convolutional networks do not learn sound rules,kr,2024,"matthew morris, david j tena cucala, bernardo cuenca grau, ian horrocks",10.24963/kr.2024/84,4,13,graph neural networks gnns are frequently used to predict missing facts in knowledge graphs kgs motivated by the lack of explainability for the outputs of these models recent work has aimed to explain their predictions using datalog a widely used logic-based formalism however such work has been restricted to certain subclasses of gnns in this paper we consider one of the most popular gnn architectures for kgs r-gcn and we provide two methods to extract rules that explain its predictions and are sound in the sense that each fact derived by the rules is also predicted by the gnn for any input dataset furthermore we provide a method that can verify that certain classes of datalog rules are not sound for the r-gcn in our experiments we train r-gcns on kg completion benchmarks and we are able to verify that no datalog rule is sound for these models even though the models often obtain high to near-perfect accuracy this raises some concerns about the ability of r-gcn models to generalise and about the explainability of their predictions we further provide two variations to the training paradigm of r-gcn that encourage it to learn sound rules and find a trade-off between model accuracy and the number of learned sound rules,3,"Relevant to ASP researchers as it deals with logic-based formalisms (Datalog) and explainability in graph neural networks, which are related to knowledge representation and reasoning."
on the correspondence between monotonic max-sum gnns and datalog,kr,2023,"david tena cucala, bernardo cuenca grau, boris motik, egor v kostylev",10.24963/kr.2023/64,4,417,although there has been significant interest in applying machine learning techniques to structured data the expressivity i e a description of what can be learned of such techniques is still poorly understood in this paper we study data transformations based on graph neural networks gnns first we note that the choice of how a dataset is encoded into a numeric form processable by a gnn can obscure the characterisation of a model s expressivity and we argue that a canonical encoding provides an appropriate basis second we study the expressivity of monotonic max-sum gnns which cover a subclass of gnns with max and sum aggregation functions we show that for each such gnn one can compute a datalog program such that applying the gnn to any dataset produces the same facts as a single round of application of the program s rules to the dataset monotonic max-sum gnns can sum an unbounded number of feature vectors which can result in arbitrarily large feature values whereas rule application requires only a bounded number of constants hence our result shows that the unbounded summation of monotonic max-sum gnns does not increase their expressive power third we sharpen our result to the subclass of monotonic max gnns which use only the max aggregation function and identify a corresponding class of datalog programs,3,"While the paper discusses graph neural networks (GNNS) and their relation to Datalog, it is more focused on machine learning techniques rather than core ASP concepts."
contracted temporal equilibrium logic,kr,2024,"pedro cabalar, thomas eiter, davide sold",10.24963/kr.2024/21,3,404,the stable model semantics of logic programs has been characterized by equilibrium logic which is a non-monotonic formalism that selects models from the monotonic intermediate logic of here-and-there it provides stable models for arbitrary propositional formulas and has been fruitfully extended to different modal languages among them are theories in the syntax of linear-time temporal logic ltl giving rise to temporal equilibrium logic tel based on temporal here-and-there tht in tel models are selected that minimize truth among tht traces of the same length in this paper we consider a selection that in addition may reduce the number of transitions in a trace intuitively forming a contraction of it we thus introduce contracted tht and contracted tel on top of a model selection on a logical basis the resulting c-stable models can be viewed as stable models in tel that can not be summarized into a smaller trace we illustrate contraction on several examples related to logic programming and explore several properties like the relation to tel and ltl and in particular the connection to the ltl property of stuttering,4,"Relevant to ASP researchers as it deals with stable model semantics and non-monotonic reasoning, which are central concepts in ASP."
improving candidate quality of probabilistic logic models,iclp,2018,alex m andrew,10.1108/k.2000.06729iae.003,3,481,,3,Related to probabilistic reasoning but not specifically ASP
extracting policies from quantified answer set programs,iclp,2025,"martn diguez, igor stphan",10.4204/eptcs.439.16,5,74,quantified answer set programming qasp extends answer set programming asp by allowing quantification over propositional variables similar to quantified boolean formulas qbf in this paper we interpret models of qasp formulas in terms of policies which represent decision-making strategies that determine how existentially quantified variables should be assigned given the conditions set by universally quantified variables as a main contribution we present an algorithm for policy extraction under qasp semantics inspired by the equilibrium logic semantics for general asp theories,4,"Focuses on extending ASP with quantification and presents an algorithm related to policy extraction, which is relevant to ASP researchers."
on combining collective entity resolution and repairing extended abstract,kr,2023,"meghyn bienvenu, gianluca cima, vctor gutirrezbasulto",10.24963/ijcai.2023/349,3,361,this paper considers the problem of querying dirty databases which may contain both erroneous facts and multiple names for the same entity while both of these data quality issues have been widely studied in isolation our contribution is a holistic framework for jointly deduplicating and repairing data our replace framework follows a declarative approach utilizing logical rules to specify under which conditions a pair of entity references can or must be merged and logical constraints to specify consistency requirements the semantics defines a space of solutions each consisting of a set of merges to perform and a set of facts to delete which can be further refined by applying optimality criteria as there may be multiple optimal solutions we use classical notions of possible and certain query answers to reason over the alternative solutions and introduce a novel notion of most informative answer to obtain a more compact presentation of query results we perform a detailed analysis of the data complexity of the central reasoning tasks of recognizing optimal solutions and most informative possible and certain answers for each of the three notions of optimal solution and for both general and restricted specifications,3,"The paper deals with data cleaning and entity resolution, which are relevant to ASP researchers but not specifically focused on ASP. It uses logical rules and constraints, which are related to logic programming."
navigating and querying answer sets: how hard is it really and why,kr,2024,"dominik rusovac, markus hecher, martin gebser, sarah alice gaggl, johannes k fichte",10.24963/kr.2024/60,5,409,answer set programming is a popular declarative paradigm with countless applications for modeling and solving combinatorial problems we can view a program as a knowledge database compactly representing conditions for solutions often we are interested in reasoning about solutions of filtering answer sets at the heart of these questions is brave and cautious reasoning for browsing answer sets we combine both as restricting atoms of answer sets is only meaningful for atoms called facets that belong to some brave but not to all answer sets cautious surprisingly the precise computational complexity of facet problems remained widely open so far in this paper we study the complexity of answer set facets we establish tight results for reasoning with facets deciding upper and lower bounds as well as the exact number of facets and comparing facets facet reasoning seems to be a natural problem formalism residing in complexity families d and up to the third level moreover our study considers quantitative importance questions on facets and generalizing from facets to conjunctions disjunctions and arbitrary queries we complete our results by an experimental evaluation,4,"Focuses on reasoning about answer sets and facets, which are central concepts in ASP."
explanations for unrealizability of infinite-state safety shields,kr,2025,"andoni rodrguez, irfansha shaik, davide corsi, roy fox, csar snchez",10.24963/kr.2025/83,2,56,safe reinforcement learning focuses on developing optimal policies while ensuring safety a popular method to address such task is shielding in which a correct-by-construction safety component is synthetised from logical specifications recently shield synthesis has been extended to infinite-state domains such as continuous environments this makes shielding more applicable to realistic scenarios however often shields might be unrealizable because the specification is inconsistent in order to address this gap we present a method to obtain simple unconditional and conditional explanations that witness unrealizability which goes by temporal formula unrolling: bounded strategy search in this paper we show different variants of the technique as well as its applicability,2,"While related to AI and reasoning, it focuses on reinforcement learning and safety shields, which are not central to ASP."
emerson-lei and manna-pnueli games for ltlf and ppltl synthesis,kr,2025,"daniel hausmann, shufang zhu, gianmarco parretti, christoph weinhuber, giuseppe de giacomo, nir piterman",10.24963/kr.2025/78,1,203,recently the manna-pnueli hierarchy has been used to define the temporal logics ltlf and ppltl which allow to use finite-trace ltlf/ppltl techniques in infinite-trace settings while achieving the expressiveness of full ltl in this paper we present the first actual solvers for reactive synthesis in these logics these are based on games on graphs that leverage dfa-based techniques from ltlf/ppltl to construct the game arena we start with a symbolic solver based on emerson-lei games which reduces lower-class properties guarantee safety to higher ones recurrence persistence before solving the game we then introduce manna-pnueli games which natively embed manna-pnueli objectives into the arena these games are solved by composing solutions to a dag of simpler emerson-lei games resulting in a provably more efficient approach we implemented the solvers and practically evaluated their performance on a range of representative formulas the results show that manna-pnueli games often offer significant advantages though not universally indicating that combining both approaches could further enhance practical performance,3,"Relevant to ASP researchers as it deals with temporal logics and reactive synthesis, which are related to nonmonotonic reasoning and logic programming concepts."
commonsense reasoning-aided autonomous vehicle systems,iclp,2024,keegan kimbrell,10.4204/eptcs.416.36,1,103,autonomous vehicle av systems have been developed with a strong reliance on machine learning techniques while machine learning approaches such as deep learning are extremely effective at tasks that involve observation and classification they struggle when it comes to performing higher level reasoning about situations on the road this research involves incorporating commonsense reasoning models that use image data to improve av systems this will allow av systems to perform more accurate reasoning while also making them more adjustable explainable and ethical this paper will discuss the findings so far and motivate its direction going forward,2,"While it involves AI, it focuses on machine learning and autonomous vehicles rather than ASP."
precise exponential-time complexity of non-monotonic reasoning,iclp,2025,georg gottlob,10.7551/mitpress/4307.003.0022,3,448,,4,Discusses nonmonotonic reasoning which is relevant to ASP
semantically guided scene generation via contextual reasoning and algebraic measures,iclp,2023,wenhao ding,10.1109/tits.2024.3510515/mm1,2,269,,1,Computer vision and image processing
cumulative scoring-based induction of default theories,iclp,2018,,10.1002/eng2.70433/v1/review2,1,3,,4,"Relates to nonmonotonic reasoning and default theories, which are relevant to ASP."
theory revision with goal-directed asp,iclp,2021,,10.1017/cbo9781107257115.023,5,424,,4,Focuses on ASP semantics and possibly new theoretical contributions to the field
lazy stream programming in prolog,iclp,2019,"paul tarau, jan wielemaker, tom schrijvers",10.4204/eptcs.306.26,4,263,in recent years stream processing has become a prominent approach for incrementally handling large amounts of data with special support and libraries in many programming languages unfortunately support in prolog has so far been lacking and most existing approaches are ad-hoc to remedy this situation we present em lazy stream generators as a unified prolog interface for stateful computations on both finite and infinite sequences of data that are produced incrementally through i/o and/or algorithmically we expose stream generators to the application programmer in two ways: 1 through an abstract sequence manipulation api convenient for defining custom generators and 2 as idiomatic lazy lists compatible with many existing list predicates we define an algebra of stream generator operations that extends prolog via an embedded language interpreter provides a compact notation for composing generators and supports moving between the two isomorphic representations as a special instance we introduce answer stream generators that encapsulate the work of coroutining first-class logic engines and support interoperation between forward recursive em and-streams and backtracking-generated em or-streams keywords: lazy stream generators lazy lists first-class logic engines stream combinators and-stream / or-stream interoperation prolog extensions,3,"Relevant to ASP researchers as it discusses advancements in Prolog, a form of logic programming, but not specifically focused on ASP."
asp chef: draw and expand,kr,2024,"mario alviano, luis angel rodriguez reiners",10.24963/kr.2024/68,5,320,asp chef is a versatile tool built upon the principles of answer set programming asp offering a unique approach to problem-solving through the concept of asp recipes in this paper we explore two key components of asp chef: the graph ingredient and one of its extension mechanisms for registering new ingredients the graph ingredient serves as a fundamental feature within asp chef allowing users to interpret instances of a designed predicate to construct graphs from the data through this capability asp chef facilitates the visualization and analysis of complex relationships and structures inherent in various domains furthermore asp chef offers a flexible extension mechanism that empowers users to register new recipes as custom ingredients these custom ingredients defined by sequences of mappings from interpretations to interpretations can be stored locally within the local storage of the browser this enables users to expand the capabilities of asp chef to suit their specific needs and use cases fostering a collaborative environment where users can share and reuse custom ingredients seamlessly notably the addition of new ingredients does not impose requirements on the utilization of recipes that employ them underscoring the modular and interoperable design of asp chef,4,"Focuses on ASP tools and extensions, relevant to ASP researchers"
product configuration in answer set programming,iclp,2021,seemran mishra,10.4204/eptcs.345.46,4,172,this is a preliminary work on configuration knowledge representation which serves as a foundation for building interactive configuration systems in answer set programming asp the major concepts of the product configuration problem are identified and discussed with a bike configuration example a fact format is developed for expressing product knowledge that is domain-specific and can be mapped from other systems finally a domain-independent asp encoding is provided that represents the concepts in the configuration problem,4,"Focuses on ASP applications in product configuration, which is relevant to ASP researchers."
an implementation of a non-monotonic logic in an embedded computer for a motor-glider,iclp,2019,"jos luis vilchis medina, pierre siegel, vincent risch, andrei doncescu",10.4204/eptcs.306.37,2,579,in this article we present an implementation of non-monotonic reasoning in an embedded system as a part of an autonomous motor-glider it simulates piloting decisions of an airplane a real pilot must take care not only about the information arising from the cockpit airspeed altitude variometer compass but also from outside the cabin throughout a flight a pilot is constantly in communication with the control tower to follow orders because there is an airspace regulation to respect in addition if the control tower sends orders while the pilot has an emergency he may have to violate these orders and airspace regulations to solve his problem e g emergency landing on the other hand climate changes constantly wind snow hail and can affect the sensors all these cases easily lead to contradictions switching to reasoning under uncertainty a pilot must make decisions to carry out a flight the objective of this implementation is to validate a non-monotonic model which allows to solve the question of incomplete and contradictory information we formalize the problem using default logic a non-monotonic logic which allows to find fixed-points in the face of contradictions for the implementation the prolog language is used in an embedded computer running at 1 ghz single core with 512 mb of ram and 0 8 watts of energy consumption,4,"Relevant to ASP researchers as it deals with non-monotonic reasoning, which is central to ASP. The use of default logic for handling contradictions aligns well with ASP's stable model semantics."
aspmc: an algebraic answer set counter,iclp,2021,"thomas eiter, markus hecher, rafael kiesel",10.1016/j.artint.2024.104109,3,493,in the last decade there has been increasing interest in extensions of answer set programming asp that cater for quantitative information such as weights or probabilities a wide range of quantitative reasoning tasks for asp and logic programming among them probabilistic inference and parameter learning in the neuro-symbolic setting can be expressed as algebraic answer set counting aasc tasks i e weighted model counting for asp with weights calculated over some semiring which makes makes efficient solvers for aasc desirable in this article we present a new solver for aasc that pushes the limits of efficient solvability notably provides improved performance compared to the state of the art in probabilistic inference by exploiting three insights gained from thorough theoretical investigations in our work namely we consider the knowledge compilation step in the aasc pipeline where the underlying logical theory specified by the answer set program is converted into a tractable circuit representation on which aasc is feasible in polynomial time first we provide a detailed comparison of different approaches to knowledge compilation for programs revealing that translation to propositional formulas followed by compilation to sd-dnnf seems favorable second we study how the translation to propositional formulas should proceed to result in efficient compilation this leads to the second and third insight namely a novel way of breaking the positive cyclic dependencies in a program called tp-unfolding and an improvement to the clark completion the procedure used to transform programs without positive cyclic dependencies into propositional formulas both improvements are tailored towards efficient knowledge compilation our empirical evaluation reveals that while all three advancements contribute to the success of tp-unfolding improves performance significantly by allowing us to handle cyclic instances better,4,Focuses on ASP extensions and solver advances for algebraic answer set counting
a category-theoretic perspective on approximation fixpoint theory,iclp,2024,samuele pollaci,10.4204/eptcs.416.37,4,326,approximation fixpoint theory aft was founded in the early 2000s by denecker marek and truszczy nski as an abstract algebraic framework to study the semantics of non-monotonic logics since its early successes the potential of aft as a unifying semantic framework has become widely recognised and the interest in aft has gradually increased with applications now ranging from foundations of database theory to abstract argumentation the non-monotonic constructive processes that occur in many more areas of computer science together with their associated semantic structures can be successfully studied using aft which greatly simplifies their characterizations the goal of my research is to take a step towards the lifting of aft into a more general framework for constructive knowledge,4,"Relevant to ASP researchers as it discusses non-monotonic reasoning and fixpoint theory, which are central concepts in ASP."
dialectical reconciliation via structured argumentative dialogues,kr,2024,"stylianos loukas vasileiou, ashwin kumar, william yeoh, tran cao son, francesca toni",10.24963/kr.2024/73,1,543,we present a novel framework designed to extend model reconciliation approaches commonly used in human-aware planning for enhanced human-ai interaction by adopting a structured argumentation-based dialogue paradigm our framework enables dialectical reconciliation to address knowledge discrepancies between an explainer ai agent and an explainee human user where the goal is for the explainee to understand the explainer s decision we formally describe the operational semantics of our proposed framework providing theoretical guarantees we then evaluate the framework s efficacy in the wild via computational and human-subject experiments our findings suggest that our framework offers a promising direction for fostering effective human-ai interactions in domains where explainability is important,3,"While the paper focuses on structured argumentation and dialogue, which are related to nonmonotonic reasoning, it does not directly address ASP or its core components."
exploring digital twins integration with asp and asp chef,iclp,2025,fiona rossettecrake,10.4000/15c2h,4,582,the category of digital oratory brings together numerous new speaking practices that are mediated by the digital interface this contribution outlines a holistic approach to digital oratory locating it with respect to more traditional e g pre-digital and/or offline formats as well as examining some of the differences between the new digital practices in the face of many general communication guides the case is made here for a linguistic-informed approach to the teaching of oratory based notably on theory developed within the framework of systemic functional linguistics various levels of analysis are considered from participant framework to lexico-grammar and multimodal resources the focus is placed on esp where there has already been considerable research on specific formats the article concludes with a discussion of four examples taken from the context of the workplace representing the types of practices that prove pertinent in applied language business communication curricula,1,The abstract does not mention ASP or any related concepts and is focused on digital oratory and linguistics.
reasoning with restricted statistical statements in probabilistic answer set programming: complexity and algorithms,kr,2025,"damiano azzolini, markus hecher",10.24963/kr.2025/6,4,552,statistical statements are an expressive tool for representing statistical information of a domain of interest recently these statements were given a meaning in the context of probabilistic answer set programming pasp allowing one to encode properties like x of elements of a domain have the feature y although the computational complexity of different tasks in pasp is well known the complexity of restricted programs composed only of statistical statements and probabilistic facts has not been studied as a first contribution we address this problem confirming that even in seemingly restricted cases the complexity is high indeed even with this restriction we do not lose expressiveness reaching higher levels of the polynomial hierarchy to mitigate these high complexities we focus on the structure of the programs thereby we design novel structure-guided reductions demonstrating how one can efficiently answer queries along treewidth decompositions we obtain precise upper bounds and we show that under reasonable assumptions in complexity theory we cannot significantly improve as we give matching lower bounds,4,"Relevant to ASP researchers, focusing on probabilistic extensions and complexity analysis of ASP."
fixpoint characterizations of disjunctive hybrid mknf knowledge bases,iclp,2021,"spencer killen, jiahuai you",10.4204/eptcs.364.6,1,512,the logic of hybrid mknf minimal knowledge and negation as failure is a powerful knowledge representation language that elegantly pairs asp answer set programming with ontologies disjunctive rules are a desirable extension to normal rule-based reasoning and typically semantic frameworks designed for normal knowledge bases need substantial restructuring to support disjunctive rules alternatively one may lift characterizations of normal rules to support disjunctive rules by inducing a collection of normal knowledge bases each with the same body and a single atom in its head in this work we refer to a set of such normal knowledge bases as a head-cut of a disjunctive knowledge base the question arises as to whether the semantics of disjunctive hybrid mknf knowledge bases can be characterized using fixpoint constructions with head-cuts earlier we have shown that head-cuts can be paired with fixpoint operators to capture the two-valued mknf models of disjunctive hybrid mknf knowledge bases three-valued semantics extends two-valued semantics with the ability to express partial information in this work we present a fixpoint construction that leverages head-cuts using an operator that iteratively captures three-valued models of hybrid mknf knowledge bases with disjunctive rules this characterization also captures partial stable models of disjunctive logic programs since a program can be expressed as a disjunctive hybrid mknf knowledge base with an empty ontology we elaborate on a relationship between this characterization and approximators in aft approximation fixpoint theory for normal hybrid mknf knowledge bases,5,Core ASP contribution related to semantics and fixpoints
natural language generation for non-expert users,iclp,2019,"van duc nguyen, tran cao son, enrico pontelli",10.4204/eptcs.306.33,5,48,motivated by the difficulty in presenting computational results especially when the results are a collection of atoms in a logical language to users who are not proficient in computer programming and/or the logical representation of the results we propose a system for automatic generation of natural language descriptions for applications targeting mainstream users differently from many earlier systems with the same aim the proposed system does not employ templates for the generation task it assumes that there exist some natural language sentences in the application domain and uses this repository for the natural language description it does not require however a large corpus as it is often required in machine learning approaches the systems consist of two main components the first one aims at analyzing the sentences and constructs a grammatical framework gf for given sentences and is implemented using the stanford parser and an answer set program the second component is for sentence construction and relies on gf library the paper includes two use cases to demostrate the capability of the system as the sentence construction is done via gf the paper includes a use case evaluation showing that the proposed system could also be utilized in addressing a challenge to create an abstract wikipedia which is recently discussed in the bluesky session of the 2018 international semantic web conference,3,"While the paper focuses on natural language generation, it uses Answer Set Programming for grammatical framework construction and demonstrates potential relevance to ASP through its application."
treewidth in non-ground answer set solving and alliance problems in graphs,iclp,2017,"bernhard bliem, michael morak, marius moldovan, stefan woltran",10.1613/jair.1.11515,2,376,in this paper we aim to study how the performance of modern answer set programming asp solvers is influenced by the treewidth of the input program and to investigate the consequences of this relationship we first perform an experimental evaluation that shows that the solving performance is heavily influenced by treewidth given ground input programs that are otherwise uniform both in size and construction this observation leads to an important question for asp namely how to design encodings such that the treewidth of the resulting ground program remains small to this end we study two classes of disjunctive programs namely guarded and connection-guarded programs in order to investigate these classes we formalize the grounding process using mso transductions our main results show that both classes guarantee that the treewidth of the program after grounding only depends on the treewidth and the maximum degree in case of connection-guarded programs of the input instance in terms of parameterized complexity our findings yield corresponding fpt results for answer-set existence for bounded treewidth and also degree for connection-guarded programs of the input instance we further show that bounding treewidth alone leads to np-hardness in the data complexity for connection-guarded programs which indicates that the two classes are fundamentally different finally we show that for both classes the data complexity remains as hard as in the general case of asp,4,"Relevant to ASP researchers, focusing on treewidth and grounding processes in answer set programming."
proceedings of the 21st international conference on principles of knowledge representation and reasoning kr 2024 hanoi vietnam november 2-8 2024,kr,2024,,10.24963/kr.2024,1,590,proceedings of the 2024 edition of the kr conference all papers are open access and can be downloaded from this page,3,"Contains multiple papers on knowledge representation and reasoning, some may be relevant to ASP researchers but not centrally focused on ASP."
knowledge authoring with factual english,iclp,2022,"yuheng wang, giorgian borcatasciuc, nikhil goel, paul fodor, michael kifer",10.4204/eptcs.364.10,3,523,knowledge representation and reasoning krr systems represent knowledge as collections of facts and rules like databases krr systems contain information about domains of human activities like industrial enterprises science and business krrs can represent complex concepts and relations and they can query and manipulate information in sophisticated ways unfortunately the krr technology has been hindered by the fact that specifying the requisite knowledge requires skills that most domain experts do not have and professional knowledge engineers are hard to find one solution could be to extract knowledge from english text and a number of works have attempted to do so opensesame google s sling etc unfortunately at present extraction of logical facts from unrestricted natural language is still too inaccurate to be used for reasoning while restricting the grammar of the language so-called controlled natural language or cnl is hard for the users to learn and use nevertheless some recent cnl-based approaches such as the knowledge authoring logic machine kalm have shown to have very high accuracy compared to others and a natural question is to what extent the cnl restrictions can be lifted in this paper we address this issue by transplanting the kalm framework to a neural natural language parser mstanza here we limit our attention to authoring facts and queries and therefore our focus is what we call factual english statements authoring other types of knowledge such as rules will be considered in our followup work as it turns out neural network based parsers have problems of their own and the mistakes they make range from part-of-speech tagging to lemmatization to dependency errors we present a number of techniques for combating these problems and test the new system kalmfl i e kalm for factual language on a number of benchmarks which show kalmfl achieves correctness in excess of 95,3,"The paper focuses on knowledge representation and reasoning using natural language, which is relevant to ASP researchers. However, it does not specifically address ASP or its core techniques."
explaining image classifiers,kr,2024,"hana chockler, joseph y halpern",10.24963/kr.2024/25,5,426,we focus on explaining image classifiers taking the work of mothilal et al 2021 mmts as our point of departure we observe that although mmts claim to be using the definition of explanation proposed by halpern 2016 they do not quite do so roughly speaking halpern s definition has a necessity clause and a sufficiency clause mmts replace the necessity clause by a requirement that as we show implies it halpern s definition also allows agents to restrict the set of options considered while these difference may seem minor as we show they can have a nontrivial impact on explanations we also show that essentially without change halpern s definition can handle two issues that have proved difficult for other approaches: explanations of absence when for example an image classifier for tumors outputs no tumor and explanations of rare events such as tumors,1,Completely unrelated to ASP or logic programming
entity set expansion from the web via asp,iclp,2017,"weronika adrian, pawe caryk",10.5220/0010715100003058,5,212,: entity set expansion ese is a problem that underlies several important tasks such as entity recommendation query expansion synonymy nding etc traditional strategies relied on corpus-based methods to recognize the intended category of the input words but with the growing importance and visibility of knowledge graphs new methods based on explicit knowledge representation have been put forward to solve the ese problem in this paper we review the existing knowledge-based methods for entity set expansion and introduce a new online tool called set expander that uses semantic technologies and knowledge bases to solve the ese problem ef ciently we present the algorithms and implemented techniques that ensure responsiveness and effective-ness of the tool we analyze the strengths and weaknesses of the proposed solution and envision the future research directions,4,"Relevant to ASP researchers as it involves knowledge representation and uses semantic technologies, which are closely related to ASP."
encoding choice logics in asp,iclp,2020,luca vigan,10.1007/978-1-4757-3208-5_5,4,317,we have used the generic theorem prover isabelle 181 to implement the non-classical logis we presented the logical basis of isabelle is a natural deduction presentation of minimal implicational predicate logic with universal quantification over all higher-types,3,"While it involves logic programming, it focuses more on the implementation in Isabelle rather than ASP."
front matter table of contents preface conference organization,iclp,2018,,10.1484/m.art-eb.5.138353,1,390,,1,Completely unrelated to ASP or logic programming
generalizing platform-aware mission planning for infinite-state timed transition systems,kr,2025,"stefan panjkovic, alessandro cimatti, andrea micheli, stefano tonetta",10.24963/kr.2025/81,2,502,the platform-aware mission planning pamp problem formalizes the relationship between an automated temporal planning problem and an execution platform modeled as a timed automaton the pamp problem consists in finding a valid plan that guarantees the plan executability and the satisfaction of a safety property on the platform regardless of non-determinism in this paper we significantly generalize the pamp problem along three directions first we consider platforms represented as infinite state timed transition systems ttss allowing a more natural and expressive modeling of realistic systems second we introduce a new feature to model relations between the fluents of the planning problem and the platform variables finally we generalize the semantics to cope with unbounded traces we define a solution method for the resulting generalized pamp combining an automated temporal planner and an infinite-state model-checker our method is largely more efficient than the existing approach for bounded pamp problems despite being strictly more expressive,3,"Relevant to ASP researchers as it involves planning and timed automata, but not specifically focused on ASP."
